budget,algorithm,median_evals_to_best,mean_evals_to_best,pct_budget_used,median_composite
500000,rs,246949.0,248566.42666666664,49.39,0.0005333333333333333
500000,hc,518.0,571.0333333333333,0.1,0.0003333333333333333
500000,sa,387374.6666666667,377035.1033333333,77.47,0.00036666666666666667
500000,sga,74100.0,86996.60000000002,14.82,0.00013333333333333334
500000,ts,1530.0,1660.87,0.31,0.0002
